CountryName,CountryCode,Year,Ratio
Afghanistan,AFG,2010,20.6000003815
Angola,AGO,2010,10.8000001907
Albania,ALB,2010,25.7999992371
Arab World,ARB,2010,25.0222141591
